Model,R²,RMSE,MAE,N_features
Baseline (Descriptors + pH),0.9067801704840732,0.07787242798361466,0.06381911016966411,209
Engineered Features,0.9370364206601627,0.06399915913543122,0.04950919723770468,230
